Barangay,Municipality
Cabadiangan,Alcantara
Cabil-isan,Alcantara
Candabong,Alcantara
Lawaan,Alcantara
Manga,Alcantara
Palanas,Alcantara
Poblacion,Alcantara
Polo,Alcantara
Salagmaya,Alcantara
Atabay,Alcoy
Daan-Lungsod,Alcoy
Guiwang,Alcoy
Nug-as,Alcoy
Pasol,Alcoy
Poblacion,Alcoy
Pugalo,Alcoy
San Agustin,Alcoy
Compostela,Alegria
Guadalupe,Alegria
Legaspi,Alegria
Lepanto,Alegria
Madridejos,Alegria
Montpeller,Alegria
Poblacion,Alegria
Santa Filomena,Alegria
Valencia,Alegria
Angilan,Aloguinsan
Bojo,Aloguinsan
Bonbon,Aloguinsan
Esperanza,Aloguinsan
Kandingan,Aloguinsan
Kantabogon,Aloguinsan
Kawasan,Aloguinsan
Olango,Aloguinsan
Poblacion,Aloguinsan
Punay,Aloguinsan
Rosario,Aloguinsan
Saksak,Aloguinsan
Tampa-an,Aloguinsan
Toyokon,Aloguinsan
Zaragosa,Aloguinsan
Alambijud,Argao
Anajao,Argao
Apo,Argao
Balaas,Argao
Balisong,Argao
Binlod,Argao
Bogo,Argao
Butong,Argao
Bug-ot,Argao
Bulasa,Argao
Calagasan,Argao
Canbantug,Argao
Canbanua,Argao
Cansuje,Argao
Capio-an,Argao
Casay,Argao
Catang,Argao
Colawin,Argao
Conalum,Argao
Guiwanon,Argao
Gutlang,Argao
Jampang,Argao
Jomgao,Argao
Lamacan,Argao
Langtad,Argao
Langub,Argao
Lapay,Argao
Lengigon,Argao
Linut-od,Argao
Mabasa,Argao
Mandilikit,Argao
Mompeller,Argao
Panadtaran,Argao
Poblacion,Argao
Sua,Argao
Sumaguan,Argao
Tabayag,Argao
Talaga,Argao
Talaytay,Argao
Talo-ot,Argao
Tiguib,Argao
Tulang,Argao
Tulic,Argao
Ubaub,Argao
Usmad,Argao
Agbanga,Asturias
Agtugop,Asturias
Bago,Asturias
Bairan,Asturias
Banban,Asturias
Baye,Asturias
Bog-o,Asturias
Kaluangan,Asturias
Lanao,Asturias
Langub,Asturias
Looc Norte,Asturias
Lunas,Asturias
Magcalape,Asturias
Manguiao,Asturias
New Bago,Asturias
Owak,Asturias
Poblacion,Asturias
Saksak,Asturias
San Isidro,Asturias
San Roque,Asturias
Santa Lucia,Asturias
Santa Rita,Asturias
Tag-amakan,Asturias
Tagbubonga,Asturias
Tubigagmanok,Asturias
Tubod,Asturias
Ubogon,Asturias
Alawijao,Badian
Balhaan,Badian
Banhigan,Badian
Basak,Badian
Basiao,Badian
Bato,Badian
Bugas,Badian
Calangcang,Badian
Candiis,Badian
Dagatan,Badian
Dobdob,Badian
Ginablan,Badian
Lambug,Badian
Malabago,Badian
Malhiao,Badian
Manduyong,Badian
Matutinao,Badian
Patong,Badian
Poblacion,Badian
Sanlagan,Badian
Santicon,Badian
Sohoton,Badian
Sulsugan,Badian
Talayong,Badian
Taytay,Badian
Tigbao,Badian
Tiguib,Badian
Tubod,Badian
Zaragosa,Badian
Abucayan,Balamban
Aliwanay,Balamban
Arpili,Balamban
Bayong,Balamban
Biasong,Balamban
Buanoy,Balamban
Cabagdalan,Balamban
Cabasiangan,Balamban
Cambuhawe,Balamban
Cansomoroy,Balamban
Cantibas,Balamban
Cantuod,Balamban
Duangan,Balamban
Gaas,Balamban
Ginatilan,Balamban
Hingatmonan,Balamban
Lamesa,Balamban
Liki,Balamban
Luca,Balamban
Matun-og,Balamban
Nangka,Balamban
Pondol,Balamban
Prenza,Balamban
Singsing,Balamban
Sunog,Balamban
Vito,Balamban
Baliwagan (Pob.),Balamban
Santa Cruz-Santo Niño (Pob.),Balamban
Atop-atop,Bantayan
Baigad,Bantayan
Baod,Bantayan
Binaobao (Pob.),Bantayan
Botigues,Bantayan
Kabac,Bantayan
Doong,Bantayan
Hilotongan,Bantayan
Guiwanon,Bantayan
Kabangbang,Bantayan
Kampingganon,Bantayan
Kangkaibe,Bantayan
Lipayran,Bantayan
Luyongbaybay,Bantayan
Mojon,Bantayan
Obo-ob,Bantayan
Patao,Bantayan
Putian,Bantayan
Sillon,Bantayan
Sungko,Bantayan
Suba (Pob.),Bantayan
Sulangan,Bantayan
Tamiao,Bantayan
Bantigue (Pob.),Bantayan
Ticad (Pob.),Bantayan
Azucena,Barili
Bagakay,Barili
Balao,Barili
Bolocboloc,Barili
Budbud,Barili
Bugtong Kawayan,Barili
Cabcaban,Barili
Campangga,Barili
Dakit,Barili
Giloctog,Barili
Guibuangan,Barili
Giwanon,Barili
Gunting,Barili
Hilasgasan,Barili
Japitan,Barili
Cagay,Barili
Kalubihan,Barili
Kangdampas,Barili
Candugay,Barili
Luhod,Barili
Lupo,Barili
Luyo,Barili
Maghanoy,Barili
Maigang,Barili
Malolos,Barili
Mantalongon,Barili
Mantayupan,Barili
Mayana,Barili
Minolos,Barili
Nabunturan,Barili
Nasipit,Barili
Pancil,Barili
Pangpang,Barili
Paril,Barili
Patupat,Barili
Poblacion,Barili
San Rafael,Barili
Santa Ana,Barili
Sayaw,Barili
Tal-ot,Barili
Tubod,Barili
Vito,Barili
Cogon (Pob.),City of Bogo
Anonang Norte,City of Bogo
Anonang Sur,City of Bogo
Banban,City of Bogo
Binabag,City of Bogo
Bungtod (Pob.),City of Bogo
Carbon (Pob.),City of Bogo
Cayang,City of Bogo
Dakit,City of Bogo
Don Pedro Rodriguez,City of Bogo
Gairan,City of Bogo
Guadalupe,City of Bogo
La Paz,City of Bogo
La Purisima Concepcion (Pob.),City of Bogo
Libertad,City of Bogo
Lourdes (Pob.),City of Bogo
Malingin,City of Bogo
Marangog,City of Bogo
Nailon,City of Bogo
Odlot,City of Bogo
Pandan (Pandan Heights),City of Bogo
Polambato,City of Bogo
Sambag (Pob.),City of Bogo
San Vicente (Pob.),City of Bogo
Santo Niño,City of Bogo
Santo Rosario (Pob.),City of Bogo
Siocon,City of Bogo
Taytayan,City of Bogo
Sudlonon,City of Bogo
Baclayan,Boljoon
El Pardo,Boljoon
Granada,Boljoon
Lower Becerril,Boljoon
Poblacion,Boljoon
San Antonio,Boljoon
Upper Becerril,Boljoon
Arbor,Boljoon
Lunop,Boljoon
Nangka,Boljoon
South Granada,Boljoon
Bagacay,Borbon
Bili,Borbon
Bingay,Borbon
Bongdo,Borbon
Bongdo Gua,Borbon
Bongoyan,Borbon
Cadaruhan,Borbon
Cajel,Borbon
Campusong,Borbon
Clavera,Borbon
Don Gregorio Antigua (Taytayan),Borbon
Laaw,Borbon
Lugo,Borbon
Managase,Borbon
Poblacion,Borbon
Sagay,Borbon
San Jose,Borbon
Tabunan,Borbon
Tagnucan,Borbon
Bolinawan,City of Carcar
Buenavista,City of Carcar
Calidngan,City of Carcar
Can-asujan,City of Carcar
Guadalupe,City of Carcar
Liburon,City of Carcar
Napo,City of Carcar
Ocana,City of Carcar
Perrelos,City of Carcar
Valencia,City of Carcar
Valladolid,City of Carcar
Poblacion I,City of Carcar
Poblacion II,City of Carcar
Poblacion III,City of Carcar
Tuyom,City of Carcar
Baring,Carmen
Cantipay,Carmen
Cantumog,Carmen
Cantukong,Carmen
Caurasan,Carmen
Corte,Carmen
Dawis Norte,Carmen
Dawis Sur,Carmen
Cogon East,Carmen
Hagnaya,Carmen
Ipil,Carmen
Lanipga,Carmen
Liboron,Carmen
Lower Natimao-an,Carmen
Luyang,Carmen
Poblacion,Carmen
Puente,Carmen
Sac-on,Carmen
Triumfo,Carmen
Upper Natimao-an,Carmen
Cogon West,Carmen
Agsuwao,Catmon
Amancion,Catmon
Anapog,Catmon
Bactas,Catmon
Bongyas,Catmon
Basak,Catmon
Binongkalan,Catmon
Cabungaan,Catmon
Cambangkaya,Catmon
Can-ibuang,Catmon
Catmondaan,Catmon
Duyan,Catmon
Ginabucan,Catmon
Macaas,Catmon
Panalipan,Catmon
Tabili,Catmon
Tinabyonan,Catmon
San Jose Pob. (Catadman),Catmon
Corazon (Pob.),Catmon
Flores (Pob.),Catmon
Adlaon,Cebu City (Capital)
Agsungot,Cebu City (Capital)
Apas,Cebu City (Capital)
Babag,Cebu City (Capital)
Basak Pardo,Cebu City (Capital)
Bacayan,Cebu City (Capital)
Banilad,Cebu City (Capital)
Basak San Nicolas,Cebu City (Capital)
Binaliw,Cebu City (Capital)
Bonbon,Cebu City (Capital)
Budla-an (Pob.),Cebu City (Capital)
Buhisan,Cebu City (Capital)
Bulacao,Cebu City (Capital)
Buot-Taup Pardo,Cebu City (Capital)
Busay (Pob.),Cebu City (Capital)
Calamba,Cebu City (Capital)
Cambinocot,Cebu City (Capital)
Capitol Site (Pob.),Cebu City (Capital)
Carreta,Cebu City (Capital)
Central (Pob.),Cebu City (Capital)
Cogon Ramos (Pob.),Cebu City (Capital)
Cogon Pardo,Cebu City (Capital)
Day-as,Cebu City (Capital)
Duljo (Pob.),Cebu City (Capital)
Ermita (Pob.),Cebu City (Capital)
Guadalupe,Cebu City (Capital)
Guba,Cebu City (Capital)
Hippodromo,Cebu City (Capital)
Inayawan,Cebu City (Capital)
Kalubihan (Pob.),Cebu City (Capital)
Kalunasan,Cebu City (Capital)
Kamagayan (Pob.),Cebu City (Capital)
Camputhaw (Pob.),Cebu City (Capital)
Kasambagan,Cebu City (Capital)
Kinasang-an Pardo,Cebu City (Capital)
Labangon,Cebu City (Capital)
Lahug (Pob.),Cebu City (Capital)
Lorega (Lorega San Miguel),Cebu City (Capital)
Lusaran,Cebu City (Capital)
Luz,Cebu City (Capital)
Mabini,Cebu City (Capital)
Mabolo,Cebu City (Capital)
Malubog,Cebu City (Capital)
Mambaling,Cebu City (Capital)
Pahina Central (Pob.),Cebu City (Capital)
Pahina San Nicolas,Cebu City (Capital)
Pamutan,Cebu City (Capital)
Pardo (Pob.),Cebu City (Capital)
Pari-an,Cebu City (Capital)
Paril,Cebu City (Capital)
Pasil,Cebu City (Capital)
Pit-os,Cebu City (Capital)
Pulangbato,Cebu City (Capital)
Pung-ol-Sibugay,Cebu City (Capital)
Punta Princesa,Cebu City (Capital)
Quiot Pardo,Cebu City (Capital)
Sambag I (Pob.),Cebu City (Capital)
Sambag II (Pob.),Cebu City (Capital)
San Antonio (Pob.),Cebu City (Capital)
San Jose,Cebu City (Capital)
San Nicolas Central,Cebu City (Capital)
San Roque (Ciudad),Cebu City (Capital)
Santa Cruz (Pob.),Cebu City (Capital)
Sawang Calero (Pob.),Cebu City (Capital)
Sinsin,Cebu City (Capital)
Sirao,Cebu City (Capital)
Suba Pob. (Suba San Nicolas),Cebu City (Capital)
Sudlon I,Cebu City (Capital)
Sapangdaku,Cebu City (Capital)
T. Padilla,Cebu City (Capital)
Tabunan,Cebu City (Capital)
Tagbao,Cebu City (Capital)
Talamban,Cebu City (Capital)
Taptap,Cebu City (Capital)
Tejero (Villa Gonzalo),Cebu City (Capital)
Tinago,Cebu City (Capital)
Tisa,Cebu City (Capital)
To-ong Pardo,Cebu City (Capital)
Zapatera,Cebu City (Capital)
Sudlon II,Cebu City (Capital)
Bagalnga,Compostela
Basak,Compostela
Buluang,Compostela
Cabadiangan,Compostela
Cambayog,Compostela
Canamucan,Compostela
Cogon,Compostela
Dapdap,Compostela
Estaca,Compostela
Lupa,Compostela
Magay,Compostela
Mulao,Compostela
Panangban,Compostela
Poblacion,Compostela
Tag-ube,Compostela
Tamiao,Compostela
Tubigan,Compostela
Cabangahan,Consolacion
Cansaga,Consolacion
Casili,Consolacion
Danglag,Consolacion
Garing,Consolacion
Jugan,Consolacion
Lamac,Consolacion
Lanipga,Consolacion
Nangka,Consolacion
Panas,Consolacion
Panoypoy,Consolacion
Pitogo,Consolacion
Poblacion Occidental,Consolacion
Poblacion Oriental,Consolacion
Polog,Consolacion
Pulpogan,Consolacion
Sacsac,Consolacion
Tayud,Consolacion
Tilhaong,Consolacion
Tolotolo,Consolacion
Tugbongan,Consolacion
Alegria,Cordova
Bangbang,Cordova
Buagsong,Cordova
Catarman,Cordova
Cogon,Cordova
Dapitan,Cordova
Day-as,Cordova
Gabi,Cordova
Gilutongan,Cordova
Ibabao,Cordova
Pilipog,Cordova
Poblacion,Cordova
San Miguel,Cordova
Aguho,Daanbantayan
Bagay,Daanbantayan
Bakhawan,Daanbantayan
Bateria,Daanbantayan
Bitoon,Daanbantayan
Calape,Daanbantayan
Carnaza,Daanbantayan
Dalingding,Daanbantayan
Lanao,Daanbantayan
Logon,Daanbantayan
Malbago,Daanbantayan
Malingin,Daanbantayan
Maya,Daanbantayan
Pajo,Daanbantayan
Paypay,Daanbantayan
Poblacion,Daanbantayan
Talisay,Daanbantayan
Tapilon,Daanbantayan
Tinubdan,Daanbantayan
Tominjao,Daanbantayan
Ablayan,Dalaguete
Babayongan,Dalaguete
Balud,Dalaguete
Banhigan,Dalaguete
Bulak,Dalaguete
Caliongan,Dalaguete
Caleriohan,Dalaguete
Casay,Dalaguete
Catolohan,Dalaguete
Cawayan,Dalaguete
Consolacion,Dalaguete
Coro,Dalaguete
Dugyan,Dalaguete
Dumalan,Dalaguete
Jolomaynon,Dalaguete
Lanao,Dalaguete
Langkas,Dalaguete
Lumbang,Dalaguete
Malones,Dalaguete
Maloray,Dalaguete
Mananggal,Dalaguete
Manlapay,Dalaguete
Mantalongon,Dalaguete
Nalhub,Dalaguete
Obo,Dalaguete
Obong,Dalaguete
Panas,Dalaguete
Poblacion,Dalaguete
Sacsac,Dalaguete
Tapun,Dalaguete
Tuba,Dalaguete
Salug,Dalaguete
Tabon,Dalaguete
Baliang,Danao City
Bayabas,Danao City
Binaliw,Danao City
Cabungahan,Danao City
Cagat-Lamac,Danao City
Cahumayan,Danao City
Cambanay,Danao City
Cambubho,Danao City
Cogon-Cruz,Danao City
Danasan,Danao City
Dungga,Danao City
Dunggoan,Danao City
Guinacot,Danao City
Guinsay,Danao City
Ibo,Danao City
Langosig,Danao City
Lawaan,Danao City
Licos,Danao City
Looc,Danao City
Magtagobtob,Danao City
Malapoc,Danao City
Manlayag,Danao City
Mantija,Danao City
Masaba,Danao City
Maslog,Danao City
Nangka,Danao City
Oguis,Danao City
Pili,Danao City
Poblacion,Danao City
Quisol,Danao City
Sabang,Danao City
Sacsac,Danao City
Sandayong Norte,Danao City
Sandayong Sur,Danao City
Santa Rosa,Danao City
Santican,Danao City
Sibacan,Danao City
Suba,Danao City
Taboc,Danao City
Taytay,Danao City
Togonon,Danao City
Tuburan Sur,Danao City
Balaygtiki,Dumanjug
Bitoon,Dumanjug
Bulak,Dumanjug
Bullogan,Dumanjug
Doldol,Dumanjug
Kabalaasnan,Dumanjug
Kabatbatan,Dumanjug
Calaboon,Dumanjug
Kambanog,Dumanjug
Camboang,Dumanjug
Candabong,Dumanjug
Kang-actol,Dumanjug
Kanghalo,Dumanjug
Kanghumaod,Dumanjug
Kanguha,Dumanjug
Kantangkas,Dumanjug
Kanyuko,Dumanjug
Cogon,Dumanjug
Kolabtingon,Dumanjug
Cotcoton,Dumanjug
Lamak,Dumanjug
Lawaan,Dumanjug
Liong,Dumanjug
Manlapay,Dumanjug
Masa,Dumanjug
Matalao,Dumanjug
Paculob,Dumanjug
Panlaan,Dumanjug
Pawa,Dumanjug
Ilaya (Pob.),Dumanjug
Poblacion Looc,Dumanjug
Poblacion Sima,Dumanjug
Tangil,Dumanjug
Tapon,Dumanjug
Tubod-Bitoon,Dumanjug
Tubod-Dugoan,Dumanjug
Poblacion Central,Dumanjug
Anao,Ginatilan
Cagsing,Ginatilan
Calabawan,Ginatilan
Cambagte,Ginatilan
Campisong,Ginatilan
Canorong,Ginatilan
Guiwanon,Ginatilan
Looc,Ginatilan
Malatbo,Ginatilan
Mangaco,Ginatilan
Palanas,Ginatilan
Poblacion,Ginatilan
Salamanca,Ginatilan
San Roque,Ginatilan
Agus,Lapu-Lapu City (Opon)
Babag,Lapu-Lapu City (Opon)
Bankal,Lapu-Lapu City (Opon)
Baring,Lapu-Lapu City (Opon)
Basak,Lapu-Lapu City (Opon)
Buaya,Lapu-Lapu City (Opon)
Calawisan,Lapu-Lapu City (Opon)
Canjulao,Lapu-Lapu City (Opon)
Caw-oy,Lapu-Lapu City (Opon)
Cawhagan,Lapu-Lapu City (Opon)
Caubian,Lapu-Lapu City (Opon)
Gun-ob,Lapu-Lapu City (Opon)
Ibo,Lapu-Lapu City (Opon)
Looc,Lapu-Lapu City (Opon)
Mactan,Lapu-Lapu City (Opon)
Maribago,Lapu-Lapu City (Opon)
Marigondon,Lapu-Lapu City (Opon)
Pajac,Lapu-Lapu City (Opon)
Pajo,Lapu-Lapu City (Opon)
Pangan-an,Lapu-Lapu City (Opon)
Poblacion,Lapu-Lapu City (Opon)
Punta Engaño,Lapu-Lapu City (Opon)
Pusok,Lapu-Lapu City (Opon)
Sabang,Lapu-Lapu City (Opon)
Santa Rosa,Lapu-Lapu City (Opon)
Subabasbas,Lapu-Lapu City (Opon)
Talima,Lapu-Lapu City (Opon)
Tingo,Lapu-Lapu City (Opon)
Tungasan,Lapu-Lapu City (Opon)
San Vicente,Lapu-Lapu City (Opon)
Cabadiangan,Liloan
Calero,Liloan
Catarman,Liloan
Cotcot,Liloan
Jubay,Liloan
Lataban,Liloan
Mulao,Liloan
Poblacion,Liloan
San Roque,Liloan
San Vicente,Liloan
Santa Cruz,Liloan
Tabla,Liloan
Tayud,Liloan
Yati,Liloan
Bunakan,Madridejos
Kangwayan,Madridejos
Kaongkod,Madridejos
Kodia,Madridejos
Maalat,Madridejos
Malbago,Madridejos
Mancilang,Madridejos
Pili,Madridejos
Poblacion,Madridejos
San Agustin,Madridejos
Tabagak,Madridejos
Talangnan,Madridejos
Tarong,Madridejos
Tugas,Madridejos
Armeña (Cansilongan),Malabuyoc
Tolosa (Calatagan),Malabuyoc
Cerdeña (Ansan),Malabuyoc
Labrador (Bulod),Malabuyoc
Looc,Malabuyoc
Lombo,Malabuyoc
Mahanlud,Malabuyoc
Mindanao (Pajo),Malabuyoc
Montañeza (Inamlang),Malabuyoc
Salmeron (Bulak),Malabuyoc
Santo Niño,Malabuyoc
Sorsogon (Balimaya),Malabuyoc
Barangay I (Pob.),Malabuyoc
Barangay II (Pob.),Malabuyoc
Alang-alang,Mandaue City
Bakilid,Mandaue City
Banilad,Mandaue City
Basak,Mandaue City
Cabancalan,Mandaue City
Cambaro,Mandaue City
Canduman,Mandaue City
Casili,Mandaue City
Casuntingan,Mandaue City
Centro (Pob.),Mandaue City
Cubacub,Mandaue City
Guizo,Mandaue City
Ibabao-Estancia,Mandaue City
Jagobiao,Mandaue City
Labogon,Mandaue City
Looc,Mandaue City
Maguikay,Mandaue City
Mantuyong,Mandaue City
Opao,Mandaue City
Pakna-an,Mandaue City
Pagsabungan,Mandaue City
Subangdaku,Mandaue City
Tabok,Mandaue City
Tawason,Mandaue City
Tingub,Mandaue City
Tipolo,Mandaue City
Umapad,Mandaue City
Antipolo,Medellin
Curva,Medellin
Daanlungsod,Medellin
Dalingding Sur,Medellin
Dayhagon,Medellin
Gibitngil,Medellin
Canhabagat,Medellin
Caputatan Norte,Medellin
Caputatan Sur,Medellin
Kawit,Medellin
Lamintak Norte,Medellin
Luy-a,Medellin
Panugnawan,Medellin
Poblacion,Medellin
Tindog,Medellin
Don Virgilio Gonzales,Medellin
Lamintak Sur,Medellin
Maharuhay,Medellin
Mahawak,Medellin
Cadulawan,Minglanilla
Calajo-an,Minglanilla
Camp 7,Minglanilla
Camp 8,Minglanilla
Cuanos,Minglanilla
Guindaruhan,Minglanilla
Linao,Minglanilla
Manduang,Minglanilla
Pakigne,Minglanilla
Poblacion Ward I,Minglanilla
Poblacion Ward II,Minglanilla
Poblacion Ward III,Minglanilla
Poblacion Ward IV,Minglanilla
Tubod,Minglanilla
Tulay,Minglanilla
Tunghaan,Minglanilla
Tungkop,Minglanilla
Vito,Minglanilla
Tungkil,Minglanilla
Agbalanga,Moalboal
Bala,Moalboal
Balabagon,Moalboal
Basdiot,Moalboal
Batadbatad,Moalboal
Bugho,Moalboal
Buguil,Moalboal
Busay,Moalboal
Lanao,Moalboal
Poblacion East,Moalboal
Poblacion West,Moalboal
Saavedra,Moalboal
Tomonoy,Moalboal
Tuble,Moalboal
Tunga,Moalboal
Alfaco,City of Naga
Bairan,City of Naga
Balirong,City of Naga
Cabungahan,City of Naga
Cantao-an,City of Naga
Central Poblacion,City of Naga
Cogon,City of Naga
Colon,City of Naga
East Poblacion,City of Naga
Inoburan,City of Naga
Inayagan,City of Naga
Jaguimit,City of Naga
Lanas,City of Naga
Langtad,City of Naga
Lutac,City of Naga
Mainit,City of Naga
Mayana,City of Naga
Naalad,City of Naga
North Poblacion,City of Naga
Pangdan,City of Naga
Patag,City of Naga
South Poblacion,City of Naga
Tagjaguimit,City of Naga
Tangke,City of Naga
Tinaan,City of Naga
Tuyan,City of Naga
Uling,City of Naga
West Poblacion,City of Naga
Alo,Oslob
Bangcogon,Oslob
Bonbon,Oslob
Calumpang,Oslob
Canangca-an,Oslob
Cañang,Oslob
Can-ukban,Oslob
Cansalo-ay,Oslob
Daanlungsod,Oslob
Gawi,Oslob
Hagdan,Oslob
Lagunde,Oslob
Looc,Oslob
Luka,Oslob
Mainit,Oslob
Manlum,Oslob
Nueva Caceres,Oslob
Poblacion,Oslob
Pungtod,Oslob
Tan-awan,Oslob
Tumalog,Oslob
Biasong,Pilar
Cawit,Pilar
Dapdap,Pilar
Esperanza,Pilar
Lanao,Pilar
Lower Poblacion,Pilar
Moabog,Pilar
Montserrat,Pilar
San Isidro,Pilar
San Juan,Pilar
Upper Poblacion,Pilar
Villahermosa,Pilar
Imelda,Pilar
Anislag,Pinamungajan
Anopog,Pinamungajan
Binabag,Pinamungajan
Buhingtubig,Pinamungajan
Busay,Pinamungajan
Butong,Pinamungajan
Cabiangon,Pinamungajan
Camugao,Pinamungajan
Duangan,Pinamungajan
Guimbawian,Pinamungajan
Lamac,Pinamungajan
Lut-od,Pinamungajan
Mangoto,Pinamungajan
Opao,Pinamungajan
Pandacan,Pinamungajan
Poblacion,Pinamungajan
Punod,Pinamungajan
Rizal,Pinamungajan
Sacsac,Pinamungajan
Sambagon,Pinamungajan
Sibago,Pinamungajan
Tajao,Pinamungajan
Tangub,Pinamungajan
Tanibag,Pinamungajan
Tupas,Pinamungajan
Tutay,Pinamungajan
Adela,Poro
Altavista,Poro
Cagcagan,Poro
Cansabusab,Poro
Daan Paz,Poro
Eastern Poblacion,Poro
Esperanza,Poro
Libertad,Poro
Mabini,Poro
Mercedes,Poro
Pagsa,Poro
Paz,Poro
Rizal,Poro
San Jose,Poro
Santa Rita,Poro
Teguis,Poro
Western Poblacion,Poro
Butong,Ronda
Can-abuhon,Ronda
Canduling,Ronda
Cansalonoy,Ronda
Cansayahon,Ronda
Ilaya,Ronda
Langin,Ronda
Libo-o,Ronda
Malalay,Ronda
Palanas,Ronda
Poblacion,Ronda
Santa Cruz,Ronda
Tupas,Ronda
Vive,Ronda
Basak,Samboan
Bonbon,Samboan
Bulangsuran,Samboan
Calatagan,Samboan
Cambigong,Samboan
Canorong,Samboan
Colase,Samboan
Dalahikan,Samboan
Jumangpas,Samboan
Camburoy,Samboan
Poblacion,Samboan
San Sebastian,Samboan
Suba,Samboan
Tangbo,Samboan
Monteverde,Samboan
Balud,San Fernando
Balungag,San Fernando
Basak,San Fernando
Bugho,San Fernando
Cabatbatan,San Fernando
Greenhills,San Fernando
Lantawan,San Fernando
Liburon,San Fernando
Magsico,San Fernando
Poblacion North,San Fernando
Panadtaran,San Fernando
Pitalo,San Fernando
San Isidro,San Fernando
Sangat,San Fernando
Poblacion South,San Fernando
Tabionan,San Fernando
Tananas,San Fernando
Tinubdan,San Fernando
Tonggo,San Fernando
Tubod,San Fernando
Ilaya,San Fernando
Montealegre,San Francisco
Cabunga-an,San Francisco
Campo,San Francisco
Consuelo,San Francisco
Esperanza,San Francisco
Himensulan,San Francisco
Northern Poblacion,San Francisco
San Isidro,San Francisco
Santa Cruz,San Francisco
Santiago,San Francisco
Sonog,San Francisco
Southern Poblacion,San Francisco
Unidos,San Francisco
Union,San Francisco
Western Poblacion,San Francisco
Anapog,San Remigio
Argawanon,San Remigio
Bagtic,San Remigio
Bancasan,San Remigio
Batad,San Remigio
Busogon,San Remigio
Calambua,San Remigio
Canagahan,San Remigio
Dapdap,San Remigio
Gawaygaway,San Remigio
Hagnaya,San Remigio
Kayam,San Remigio
Kinawahan,San Remigio
Lambusan,San Remigio
Lawis,San Remigio
Libaong,San Remigio
Looc,San Remigio
Luyang,San Remigio
Maño,San Remigio
Poblacion,San Remigio
Punta,San Remigio
Sab-a,San Remigio
San Miguel,San Remigio
Tacup,San Remigio
Tambongon,San Remigio
To-ong,San Remigio
Victoria,San Remigio
Hagdan,Santa Fe
Hilantagaan,Santa Fe
Kinatarkan,Santa Fe
Langub,Santa Fe
Maricaban,Santa Fe
Okoy,Santa Fe
Poblacion,Santa Fe
Balidbid,Santa Fe
Pooc,Santa Fe
Talisay,Santa Fe
Bunlan,Santander
Cabutongan,Santander
Candamiang,Santander
Liloan,Santander
Lip-tong,Santander
Looc,Santander
Pasil,Santander
Poblacion,Santander
Talisay,Santander
Canlumacad,Santander
Abugon,Sibonga
Bae,Sibonga
Bagacay,Sibonga
Bahay,Sibonga
Banlot,Sibonga
Basak,Sibonga
Bato,Sibonga
Cagay,Sibonga
Can-aga,Sibonga
Candaguit,Sibonga
Cantolaroy,Sibonga
Dugoan,Sibonga
Guimbangco-an,Sibonga
Lamacan,Sibonga
Libo,Sibonga
Lindogon,Sibonga
Magcagong,Sibonga
Manatad,Sibonga
Mangyan,Sibonga
Papan,Sibonga
Poblacion,Sibonga
Sabang,Sibonga
Sayao,Sibonga
Simala,Sibonga
Tubod,Sibonga
Ampongol,Sogod
Bagakay,Sogod
Bagatayam,Sogod
Bawo,Sogod
Cabalawan,Sogod
Cabangahan,Sogod
Calumboyan,Sogod
Dakit,Sogod
Damolog,Sogod
Ibabao,Sogod
Liki,Sogod
Lubo,Sogod
Mohon,Sogod
Nahus-an,Sogod
Poblacion,Sogod
Tabunok,Sogod
Takay,Sogod
Pansoy,Sogod
Alang-alang,Tabogon
Caduawan,Tabogon
Kal-anan,Tabogon
Camoboan,Tabogon
Canaocanao,Tabogon
Combado,Tabogon
Daantabogon,Tabogon
Ilihan,Tabogon
Labangon,Tabogon
Libjo,Tabogon
Loong,Tabogon
Mabuli,Tabogon
Managase,Tabogon
Manlagtang,Tabogon
Maslog,Tabogon
Muabog,Tabogon
Pio,Tabogon
Poblacion,Tabogon
Salag,Tabogon
Sambag,Tabogon
San Isidro,Tabogon
San Vicente,Tabogon
Somosa,Tabogon
Taba-ao,Tabogon
Tapul,Tabogon
Bongon,Tabuelan
Kanlim-ao,Tabuelan
Kanluhangon,Tabuelan
Kantubaon,Tabuelan
Dalid,Tabuelan
Mabunao,Tabuelan
Maravilla,Tabuelan
Olivo,Tabuelan
Poblacion,Tabuelan
Tabunok,Tabuelan
Tigbawan,Tabuelan
Villahermosa,Tabuelan
Bulacao,City of Talisay
Cadulawan,City of Talisay
Cansojong,City of Talisay
Dumlog,City of Talisay
Jaclupan,City of Talisay
Lagtang,City of Talisay
Lawaan I,City of Talisay
Linao,City of Talisay
Maghaway,City of Talisay
Manipis,City of Talisay
Mohon,City of Talisay
Poblacion,City of Talisay
Pooc,City of Talisay
San Isidro,City of Talisay
San Roque,City of Talisay
Tabunoc,City of Talisay
Tangke,City of Talisay
Tapul,City of Talisay
Biasong,City of Talisay
Camp IV,City of Talisay
Lawaan II,City of Talisay
Lawaan III,City of Talisay
Awihao,Toledo City
Bagakay,Toledo City
Bato,Toledo City
Biga,Toledo City
Bulongan,Toledo City
Bunga,Toledo City
Cabitoonan,Toledo City
Calongcalong,Toledo City
Cambang-ug,Toledo City
Camp 8,Toledo City
Canlumampao,Toledo City
Cantabaco,Toledo City
Capitan Claudio,Toledo City
Carmen,Toledo City
Daanglungsod,Toledo City
Don Andres Soriano (Lutopan),Toledo City
Dumlog,Toledo City
Ibo,Toledo City
Ilihan,Toledo City
Landahan,Toledo City
Loay,Toledo City
Luray II,Toledo City
"Juan Climaco, Sr. (Magdugo)",Toledo City
Gen. Climaco (Malubog),Toledo City
Matab-ang,Toledo City
Media Once,Toledo City
Pangamihan,Toledo City
Poblacion,Toledo City
Poog,Toledo City
Putingbato,Toledo City
Sagay,Toledo City
Sam-ang,Toledo City
Sangi,Toledo City
Santo Niño (Mainggit),Toledo City
Subayon,Toledo City
Talavera,Toledo City
Tungkay,Toledo City
Tubod,Toledo City
Alegria,Tuburan
Amatugan,Tuburan
Antipolo,Tuburan
Apalan,Tuburan
Bagasawe,Tuburan
Bakyawan,Tuburan
Bangkito,Tuburan
Bulwang,Tuburan
Kabangkalan,Tuburan
Kalangahan,Tuburan
Kamansi,Tuburan
Kan-an,Tuburan
Kanlunsing,Tuburan
Kansi,Tuburan
Caridad,Tuburan
Carmelo,Tuburan
Cogon,Tuburan
Colonia,Tuburan
Daan Lungsod,Tuburan
Fortaliza,Tuburan
Ga-ang,Tuburan
Gimama-a,Tuburan
Jagbuaya,Tuburan
Kabkaban,Tuburan
Kagba-o,Tuburan
Kampoot,Tuburan
Kaorasan,Tuburan
Libo,Tuburan
Lusong,Tuburan
Macupa,Tuburan
Mag-alwa,Tuburan
Mag-antoy,Tuburan
Mag-atubang,Tuburan
Maghan-ay,Tuburan
Mangga,Tuburan
Marmol,Tuburan
Molobolo,Tuburan
Montealegre,Tuburan
Putat,Tuburan
San Juan,Tuburan
Sandayong,Tuburan
Santo Niño,Tuburan
Siotes,Tuburan
Sumon,Tuburan
Tominjao,Tuburan
Tomugpa,Tuburan
Barangay I (Pob.),Tuburan
Barangay II (Pob.),Tuburan
Barangay III (Pob.),Tuburan
Barangay IV (Pob.),Tuburan
Barangay V (Pob.),Tuburan
Barangay VI (Pob.),Tuburan
Barangay VII (Pob.),Tuburan
Barangay VIII (Pob.),Tuburan
Buenavista,Tudela
Calmante,Tudela
Daan Secante,Tudela
General,Tudela
McArthur,Tudela
Northern Poblacion,Tudela
Puertobello,Tudela
Santander,Tudela
Secante Bag-o,Tudela
Southern Poblacion,Tudela
Villahermosa,Tudela
